id;name;ects;istBenotet;semester;leistungTyp;bestanden;note
demo-01;Einführung in die Informatik;5;false;WS23_24;STUDIEN;true;0.0
demo-02;Programmieren I;5;true;WS23_24;PRUEFUNG;false;1.7
demo-03;Mathematik für Informatiker I;6;true;WS23_24;PRUEFUNG;false;2.3
demo-04;Programmieren II;5;true;SS24;PRUEFUNG;false;1.3
demo-05;Datenstrukturen und Algorithmen;8;true;SS24;PRUEFUNG;false;2.0
demo-06;Lineare Algebra;6;true;SS24;PRUEFUNG;false;3.0
demo-07;Rechnernetze;5;true;WS24_25;PRUEFUNG;false;1.0
demo-08;Softwaretechnik;6;true;WS24_25;PRUEFUNG;false;2.7
demo-09;Betriebssysteme;5;true;WS24_25;KEINE;false;0.0
demo-10;Theoretische Informatik;8;true;SS25;KEINE;false;0.0
demo-11;Computergrafik;5;true;SS25;KEINE;false;0.0
demo-12;Studienprojekt;5;false;SS25;STUDIEN;true;0.0
