test-projection-allopen;5:o,5:o;0.0000000000000000;1.0000000000000000;2.0000000000000000;2.5000000000000000;3.0000000000000000;1.0000000000000000;1.5000000000000000;2.0000000000000000;2.5000000000000000;3.0000000000000000
test-projection-weighted;10:n:1.0,10:o;1.0000000000000000;1.0000000000000000;1.5000000000000000;1.7500000000000000;2.0000000000000000;1.0000000000000000;2.0000000000000000;3.0000000000000000;4.0000000000000000;5.0000000000000000
test-sl-ignored;5:n:2.0,5:s;2.0000000000000000;2.0000000000000000;2.0000000000000000;2.0000000000000000;2.0000000000000000;NaN;NaN;NaN;NaN;NaN
test-required-exact;6:n:2.5,4:o;2.5000000000000000;1.9000000000000000;2.3000000000000000;2.5000000000000000;2.7000000000000000;NaN;NaN;1.2500000000000000;2.5000000000000000;3.7500000000000000
test-impossible;30:n:4.0,2:o;4.0000000000000000;3.8125000000000000;3.8750000000000000;3.9062500000000000;3.9375000000000000;NaN;NaN;NaN;NaN;NaN
test-unreachable-after-fix;5:n:1.0;1.0000000000000000;1.0000000000000000;1.0000000000000000;1.0000000000000000;1.0000000000000000;NaN;NaN;NaN;NaN;NaN
demo-full-semester;5:s,5:n:1.7,6:n:2.3,5:n:1.3,8:n:2.0,6:n:3.0,5:n:1.0,6:n:2.7,5:o,8:o,5:o,5:s;2.0487804878048780;1.7288135593220340;2.0338983050847457;2.1864406779661016;2.3389830508474576;NaN;NaN;1.8888888888888888;3.5277777777777777;NaN
rnd-0;5:s,8:s,2:n:1.0;1.0000000000000000;1.0000000000000000;1.0000000000000000;1.0000000000000000;1.0000000000000000;NaN;NaN;NaN;NaN;NaN
rnd-1;3:o,4:n:2.7,3:o,2:o,6:s,3:o,11:o;2.7000000000000000;1.2615384615384615;2.1076923076923078;2.5307692307692307;2.9538461538461536;NaN;1.2818181818181817;1.8727272727272728;2.4636363636363640;3.0545454545454547
rnd-2;12:n:1.7,12:n:3.3,12:s;2.4999999999999996;2.4999999999999996;2.4999999999999996;2.4999999999999996;2.4999999999999996;NaN;NaN;NaN;NaN;NaN
rnd-3;1:o,4:n:3.3,9:n:1.3,1:n:1.3,11:s,2:s,12:n:2.0;1.9307692307692308;1.8962962962962964;1.9333333333333333;1.9518518518518520;1.9703703703703705;NaN;NaN;3.7999999999999970;NaN;NaN
rnd-4;12:s,1:n:3.0,1:s,2:s,1:n:5.0;4.0000000000000000;4.0000000000000000;4.0000000000000000;4.0000000000000000;4.0000000000000000;NaN;NaN;NaN;NaN;NaN
rnd-5;;0.0000000000000000;NaN;NaN;NaN;NaN;NaN;NaN;NaN;NaN;NaN
rnd-6;9:s,10:s,8:o,6:o,7:n:3.0,2:n:4.0,12:o,5:n:1.3,6:n:2.7,2:s,5:o,9:s;2.5850000000000000;1.6215686274509804;2.2294117647058824;2.5333333333333330;2.8372549019607840;NaN;NaN;1.6225806451612903;2.4451612903225803;3.2677419354838710
rnd-7;3:o,7:s,7:o,6:s;0.0000000000000000;1.0000000000000000;2.0000000000000000;2.5000000000000000;3.0000000000000000;1.0000000000000000;1.5000000000000000;2.0000000000000000;2.5000000000000000;3.0000000000000000
rnd-8;;0.0000000000000000;NaN;NaN;NaN;NaN;NaN;NaN;NaN;NaN;NaN
rnd-9;;0.0000000000000000;NaN;NaN;NaN;NaN;NaN;NaN;NaN;NaN;NaN
rnd-10;12:s,7:n:2.7;2.7000000000000000;2.7000000000000000;2.7000000000000000;2.7000000000000000;2.7000000000000000;NaN;NaN;NaN;NaN;NaN
rnd-11;2:n:2.0,9:s,6:o;2.0000000000000000;1.2500000000000000;2.0000000000000000;2.3750000000000000;2.7500000000000000;NaN;1.3333333333333333;2.0000000000000000;2.6666666666666665;3.3333333333333335
rnd-12;3:s,11:n:3.7,9:n:2.3,10:s,12:n:1.7,4:o,12:n:4.0,11:n:3.0,12:s;2.9600000000000004;2.8271186440677970;2.8949152542372882;2.9288135593220340;2.9627118644067800;NaN;NaN;NaN;NaN;3.5499999999999970
rnd-13;2:o,6:o,10:o,8:o,8:o,8:s;0.0000000000000000;1.0000000000000000;2.0000000000000000;2.5000000000000000;3.0000000000000000;1.0000000000000000;1.5000000000000000;2.0000000000000000;2.5000000000000000;3.0000000000000000
rnd-14;10:s,5:n:1.3,12:s,8:s,8:s,7:n:3.7,2:o,4:o,6:s,5:o,11:s;2.7000000000000006;1.8869565217391306;2.3652173913043480;2.6043478260869570;2.8434782608695657;NaN;NaN;1.2363636363636359;2.2818181818181813;3.3272727272727267
rnd-15;4:o,12:n:1.0,8:n:3.0,11:s,4:s;1.8000000000000000;1.6666666666666667;1.8333333333333333;1.9166666666666667;2.0000000000000000;NaN;NaN;3.0000000000000000;NaN;NaN
rnd-16;;0.0000000000000000;NaN;NaN;NaN;NaN;NaN;NaN;NaN;NaN;NaN
rnd-17;;0.0000000000000000;NaN;NaN;NaN;NaN;NaN;NaN;NaN;NaN;NaN
rnd-18;1:n:2.0,8:n:3.3,9:s,7:n:4.0,1:s;3.5250000000000000;3.5250000000000000;3.5250000000000000;3.5250000000000000;3.5250000000000000;NaN;NaN;NaN;NaN;NaN
rnd-19;3:o,10:n:3.0,4:s,8:n:3.7,9:n:2.7,1:o,6:s,11:n:3.7,9:n:3.3,8:s,11:n:2.7,8:o;3.1724137931034484;2.8000000000000000;2.9714285714285715;3.0571428571428570;3.1428571428571430;NaN;NaN;NaN;NaN;2.1666666666666665
rnd-20;2:s,3:o,11:o,2:n:3.0,12:s,8:n:3.3,3:s,3:o,3:s,7:o,1:n:3.3,10:n:3.3,12:s,12:n:3.0;3.1727272727272724;2.2578947368421050;2.6789473684210523;2.8894736842105260;3.0999999999999996;NaN;NaN;NaN;1.5750000000000004;2.7625000000000006
rnd-21;4:o,1:n:4.0,1:n:1.0,9:o,7:s,8:s,1:n:3.7,9:n:5.0,2:s;4.4750000000000005;2.6680000000000000;3.1880000000000000;3.4480000000000000;3.7080000000000000;NaN;NaN;NaN;NaN;1.6384615384615382
rnd-22;12:o,8:o,6:s,7:n:3.0,4:o,1:o,4:n:2.0,2:s,6:s,2:n:1.0,11:o;2.3846153846153846;1.3673469387755102;2.1020408163265305;2.4693877551020407;2.8367346938775510;NaN;1.1805555555555556;1.8611111111111112;2.5416666666666665;3.2222222222222223
rnd-23;1:n:5.0;5.0000000000000000;5.0000000000000000;5.0000000000000000;5.0000000000000000;5.0000000000000000;NaN;NaN;NaN;NaN;NaN
rnd-24;4:s;0.0000000000000000;NaN;NaN;NaN;NaN;NaN;NaN;NaN;NaN;NaN
rnd-25;9:s,9:s,5:o,12:s;0.0000000000000000;1.0000000000000000;2.0000000000000000;2.5000000000000000;3.0000000000000000;1.0000000000000000;1.5000000000000000;2.0000000000000000;2.5000000000000000;3.0000000000000000
rnd-26;3:s,3:s,8:n:1.7,5:o,5:o,3:s,9:o,1:n:4.0,2:n:5.0,3:n:2.0,1:n:1.0;2.3066666666666666;1.5764705882352940;2.1352941176470590;2.4147058823529410;2.6941176470588233;NaN;NaN;1.7578947368421052;2.6526315789473682;3.5473684210526320
rnd-27;1:s,4:s,12:n:2.0,11:o,7:n:3.3,11:n:5.0,5:s,4:o,3:n:3.7;3.4303030303030297;2.6708333333333330;2.9833333333333330;3.1395833333333330;3.2958333333333330;NaN;NaN;NaN;NaN;2.0533333333333340
rnd-28;7:s,1:n:1.0,4:s;1.0000000000000000;1.0000000000000000;1.0000000000000000;1.0000000000000000;1.0000000000000000;NaN;NaN;NaN;NaN;NaN
rnd-29;1:s,7:s,3:n:5.0,5:n:3.3,7:o,12:n:1.3,4:o,7:s,10:n:2.3,1:n:1.0,3:n:2.3;2.2941176470588234;1.9777777777777779;2.2222222222222223;2.3444444444444446;2.4666666666666670;NaN;NaN;1.0909090909090908;3.1363636363636362;NaN
rnd-30;12:o,3:n:1.3,4:o,7:o,5:o,10:n:1.7,1:o,2:n:1.3,1:s,11:o,7:o;1.5666666666666667;1.1370967741935485;1.8951612903225807;2.2741935483870970;2.6532258064516130;NaN;1.4787234042553192;2.1382978723404253;2.7978723404255320;3.4574468085106385
rnd-31;7:o,1:s,3:o,12:o,2:n:1.3,8:o,3:n:3.3,10:n:5.0;4.1666666666666670;2.0555555555555554;2.7222222222222223;3.0555555555555554;3.3888888888888890;NaN;NaN;NaN;1.6666666666666667;2.4166666666666665
rnd-32;5:s;0.0000000000000000;NaN;NaN;NaN;NaN;NaN;NaN;NaN;NaN;NaN
rnd-33;4:s,12:s,8:o,9:o,10:n:3.0,8:o,1:o,10:n:3.7,11:o,6:s,12:o,10:o,10:o,9:n:3.0;3.2413793103448274;1.6632653061224490;2.3673469387755100;2.7193877551020407;3.0714285714285716;NaN;NaN;1.4782608695652173;2.1884057971014492;2.8985507246376810
rnd-34;3:o,10:o,4:o,10:o,5:s,6:s,4:s,7:n:1.0,4:o,11:s,5:n:5.0;2.6666666666666665;1.4651162790697674;2.1860465116279070;2.5465116279069770;2.9069767441860463;NaN;1.0483870967741935;1.7419354838709677;2.4354838709677420;3.1290322580645160
rnd-35;6:o,2:s,1:n:3.3,4:s,9:s,9:n:3.0,6:n:1.0,8:o,5:n:1.3;2.0380952380952380;1.6228571428571428;2.0228571428571427;2.2228571428571430;2.4228571428571426;NaN;NaN;1.9428571428571430;3.1928571428571430;4.4428571428571430
rnd-36;10:s;0.0000000000000000;NaN;NaN;NaN;NaN;NaN;NaN;NaN;NaN;NaN
rnd-37;1:o,11:s,9:s,12:o,1:o,4:s,5:s,4:s,9:s,8:s;0.0000000000000000;1.0000000000000000;2.0000000000000000;2.5000000000000000;3.0000000000000000;1.0000000000000000;1.5000000000000000;2.0000000000000000;2.5000000000000000;3.0000000000000000
rnd-38;8:o,7:o,7:s,5:n:3.0,6:s,11:s,6:o,6:o,5:n:2.0,9:n:2.7,10:o;2.5947368421052630;1.5410714285714284;2.2017857142857142;2.5321428571428575;2.8625000000000003;NaN;NaN;1.6945945945945946;2.4513513513513514;3.2081081081081080
rnd-39;3:o,4:s;0.0000000000000000;1.0000000000000000;2.0000000000000000;2.5000000000000000;3.0000000000000000;1.0000000000000000;1.5000000000000000;2.0000000000000000;2.5000000000000000;3.0000000000000000
rnd-40;11:n:4.0;4.0000000000000000;4.0000000000000000;4.0000000000000000;4.0000000000000000;4.0000000000000000;NaN;NaN;NaN;NaN;NaN
rnd-41;9:s,6:s;0.0000000000000000;NaN;NaN;NaN;NaN;NaN;NaN;NaN;NaN;NaN
rnd-42;9:n:1.0,3:o,12:s,12:n:2.0,12:n:1.3,3:o;1.4727272727272727;1.4000000000000001;1.5538461538461539;1.6307692307692307;1.7076923076923076;NaN;1.6499999999999997;4.8999999999999995;NaN;NaN
rnd-43;12:n:2.7,11:s,10:n:4.0,6:o,1:n:4.0,2:s;3.3217391304347830;2.8413793103448280;3.0482758620689660;3.1517241379310350;3.2551724137931037;NaN;NaN;NaN;NaN;1.7666666666666657
rnd-44;4:n:2.3,11:n:2.3,10:s,1:s,7:s,5:s;2.3000000000000000;2.3000000000000000;2.3000000000000000;2.3000000000000000;2.3000000000000000;NaN;NaN;NaN;NaN;NaN
rnd-45;4:n:5.0,9:n:5.0,3:s,10:o,12:n:3.7,12:o,11:n:1.3,10:o,1:s,4:n:5.0,7:s,10:s,8:s;3.5925000000000000;2.4402777777777780;2.8847222222222224;3.1069444444444447;3.3291666666666670;NaN;NaN;NaN;1.1343750000000004;2.2593750000000004
rnd-46;10:s,3:s,1:o,4:n:1.7,8:o,7:n:1.7,7:n:3.7,3:n:3.3;2.5952380952380953;2.1166666666666667;2.4166666666666665;2.5666666666666670;2.7166666666666670;NaN;NaN;NaN;2.2777777777777777;3.9444444444444446
rnd-47;10:n:2.7,1:n:5.0,4:s,6:s,4:n:1.3;2.4800000000000000;2.4800000000000000;2.4800000000000000;2.4800000000000000;2.4800000000000000;NaN;NaN;NaN;NaN;NaN
rnd-48;4:s,11:s,1:s,4:s,7:s,9:o,6:s,10:n:2.0,7:s,4:s,12:s,11:o,8:n:1.7,7:o;1.8666666666666667;1.3466666666666667;1.9466666666666665;2.2466666666666666;2.5466666666666664;NaN;1.2555555555555555;2.0888888888888890;2.9222222222222225;3.7555555555555560
rnd-49;6:s,7:n:3.3;3.3000000000000000;3.3000000000000000;3.3000000000000000;3.3000000000000000;3.3000000000000000;NaN;NaN;NaN;NaN;NaN
rnd-50;7:o,1:s,3:o,1:s,1:o,7:o,3:n:5.0,9:n:1.0,8:o,4:s,7:s,3:s,5:n:2.3;2.0882352941176470;1.4302325581395350;2.0348837209302326;2.3372093023255816;2.6395348837209300;NaN;1.1153846153846154;1.9423076923076923;2.7692307692307690;3.5961538461538463
rnd-51;6:s,9:o,5:n:2.0,1:n:4.0,8:n:5.0,8:n:3.3,5:s,2:o,5:n:4.0;3.7185185185185190;2.9315789473684210;3.2210526315789476;3.3657894736842110;3.5105263157894737;NaN;NaN;NaN;NaN;1.2363636363636359
rnd-52;4:n:1.0,6:s,4:o,8:s,10:o;1.0000000000000000;1.0000000000000000;1.7777777777777777;2.1666666666666665;2.5555555555555554;1.0000000000000000;1.6428571428571428;2.2857142857142856;2.9285714285714284;3.5714285714285716
rnd-53;3:s,4:n:2.0,11:n:1.3,9:n:3.0,1:o,12:n:4.0,12:o,4:o;2.7027777777777775;2.1566037735849055;2.4773584905660377;2.6377358490566040;2.7981132075471700;NaN;NaN;NaN;2.0705882352941180;3.6294117647058823
rnd-54;8:n:1.3,2:o,6:n:2.7,4:n:1.7,1:s,8:o,5:n:1.0,6:n:3.3,7:o,3:s,1:n:1.7;1.9966666666666666;1.6361702127659572;1.9978723404255316;2.1787234042553190;2.3595744680851065;NaN;NaN;2.0058823529411764;3.3882352941176470;4.7705882352941180
rnd-55;4:s,12:n:1.0,5:s,12:n:2.0;1.5000000000000000;1.5000000000000000;1.5000000000000000;1.5000000000000000;1.5000000000000000;NaN;NaN;NaN;NaN;NaN
rnd-56;5:n:1.0,7:o,1:s,12:s,1:s,6:n:3.3,5:s;2.2545454545454544;1.7666666666666666;2.1555555555555554;2.3499999999999996;2.5444444444444443;NaN;NaN;1.6000000000000003;2.8857142857142860;4.1714285714285720
rnd-57;10:o,6:o,4:o,10:s,6:o,2:n:2.0,4:n:2.0,2:s,7:s;2.0000000000000000;1.1875000000000000;2.0000000000000000;2.4062500000000000;2.8125000000000000;NaN;1.3846153846153846;2.0000000000000000;2.6153846153846154;3.2307692307692310
rnd-58;9:s,1:n:3.7,4:o,10:o,11:o;3.7000000000000000;1.1038461538461540;2.0653846153846156;2.5461538461538464;3.0269230769230770;NaN;1.4120000000000000;1.9320000000000000;2.4520000000000000;2.9720000000000000
rnd-59;12:n:5.0,12:n:2.3,4:n:1.7,4:n:4.0,2:s,10:s,1:o,9:s,12:s,11:n:2.0,3:o,8:s;3.0790697674418600;2.9021276595744676;2.9872340425531910;3.0297872340425527;3.0723404255319140;NaN;NaN;NaN;NaN;2.1500000000000057
rnd-60;3:s,6:n:1.0,5:o,6:n:1.7,3:o;1.3499999999999999;1.2100000000000000;1.6100000000000000;1.8100000000000000;2.0100000000000002;NaN;1.7250000000000000;2.9750000000000000;4.2250000000000000;NaN
rnd-61;11:o,4:n:2.0,7:s,3:s,1:o,2:s,12:o,11:n:3.3,12:n:1.3,2:s,5:o;2.2185185185185183;1.5875000000000001;2.1053571428571430;2.3642857142857143;2.6232142857142860;NaN;NaN;1.7965517241379312;2.7620689655172410;3.7275862068965515
rnd-62;11:o,6:o,3:s,9:n:1.0,10:s,5:o,2:o,7:s,12:o,11:o;1.0000000000000000;1.0000000000000000;1.8392857142857142;2.2589285714285716;2.6785714285714284;1.0000000000000000;1.5957446808510638;2.1914893617021276;2.7872340425531914;3.3829787234042550
rnd-63;8:n:1.3,6:s;1.3000000000000000;1.3000000000000000;1.3000000000000000;1.3000000000000000;1.3000000000000000;NaN;NaN;NaN;NaN;NaN
rnd-64;;0.0000000000000000;NaN;NaN;NaN;NaN;NaN;NaN;NaN;NaN;NaN
rnd-65;2:s,2:n:2.0;2.0000000000000000;2.0000000000000000;2.0000000000000000;2.0000000000000000;2.0000000000000000;NaN;NaN;NaN;NaN;NaN
rnd-66;1:o;0.0000000000000000;1.0000000000000000;2.0000000000000000;2.5000000000000000;3.0000000000000000;1.0000000000000000;1.5000000000000000;2.0000000000000000;2.5000000000000000;3.0000000000000000
rnd-67;8:n:4.0,11:o,5:o,3:o,7:s,5:o,5:s,10:n:1.3,1:s;2.5000000000000000;1.6428571428571428;2.2142857142857144;2.5000000000000000;2.7857142857142856;NaN;NaN;1.6250000000000000;2.5000000000000000;3.3750000000000000
rnd-68;8:o,6:o,6:s,6:n:1.3,5:s,3:s,10:n:1.0;1.1125000000000000;1.0600000000000000;1.5266666666666666;1.7600000000000000;1.9933333333333332;NaN;1.9428571428571428;3.0142857142857147;4.0857142857142860;NaN
rnd-69;5:s,9:o,7:s,11:s,6:s,9:s,6:s,3:n:1.0,6:s,9:n:3.7,11:s,6:n:1.7,8:o;2.5833333333333335;1.8142857142857143;2.3000000000000000;2.5428571428571427;2.7857142857142856;NaN;NaN;1.3823529411764706;2.4117647058823530;3.4411764705882355
rnd-70;4:n:1.3,11:n:1.0,7:s,4:n:2.7,6:s,4:o,6:n:2.0,9:n:4.0,8:n:2.7,12:o,2:s;2.3000000000000000;1.9413793103448276;2.2172413793103450;2.3551724137931034;2.4931034482758620;NaN;NaN;1.2125000000000004;3.0250000000000004;4.8375000000000000
rnd-71;12:s,1:n:4.0,6:o,11:s,3:s,11:s,8:n:2.7,8:s,1:n:2.3,8:o,6:o,7:o,6:o,2:n:5.0;3.1583333333333337;1.5755555555555556;2.3088888888888890;2.6755555555555555;3.0422222222222220;NaN;NaN;1.5787878787878786;2.2606060606060603;2.9424242424242424
rnd-72;5:n:4.0,8:o,7:o,4:s,4:o,5:o,6:n:5.0;4.5454545454545460;2.1142857142857143;2.8000000000000000;3.1428571428571430;3.4857142857142858;NaN;NaN;NaN;1.5625000000000000;2.2916666666666665
rnd-73;8:n:2.3,6:s,6:o,4:s,4:s,7:o;2.3000000000000000;1.4952380952380953;2.1142857142857143;2.4238095238095236;2.7333333333333334;NaN;1.0076923076923079;1.8153846153846156;2.6230769230769230;3.4307692307692310
rnd-74;7:s,12:s,11:s,5:o,3:o,4:n:1.7,5:n:2.0;1.8666666666666667;1.4588235294117649;1.9294117647058822;2.1647058823529410;2.4000000000000000;NaN;1.0875000000000000;2.1500000000000000;3.2125000000000000;4.2750000000000000
rnd-75;2:s,8:n:5.0,12:n:1.7,11:o,7:o,6:o;3.0200000000000000;1.9181818181818182;2.4636363636363640;2.7363636363636363;3.0090909090909093;NaN;NaN;1.1500000000000001;2.0666666666666670;2.9833333333333330
rnd-76;1:o,10:n:4.0,10:s,5:o,10:s,3:s;4.0000000000000000;2.8750000000000000;3.2500000000000000;3.4375000000000000;3.6250000000000000;NaN;NaN;NaN;NaN;1.3333333333333333
rnd-77;8:n:4.0,2:n:5.0,11:s,3:o,8:o,10:o,9:s,5:o,3:n:1.0,11:o;3.4615384615384617;1.6400000000000000;2.3800000000000000;2.7500000000000000;3.1200000000000000;NaN;NaN;1.4864864864864864;2.1621621621621623;2.8378378378378377
rnd-78;1:o,4:s,3:o,2:s,9:s;0.0000000000000000;1.0000000000000000;2.0000000000000000;2.5000000000000000;3.0000000000000000;1.0000000000000000;1.5000000000000000;2.0000000000000000;2.5000000000000000;3.0000000000000000
rnd-79;8:n:2.7;2.7000000000000000;2.7000000000000000;2.7000000000000000;2.7000000000000000;2.7000000000000000;NaN;NaN;NaN;NaN;NaN
rnd-80;8:o,12:o;0.0000000000000000;1.0000000000000000;2.0000000000000000;2.5000000000000000;3.0000000000000000;1.0000000000000000;1.5000000000000000;2.0000000000000000;2.5000000000000000;3.0000000000000000
rnd-81;5:n:3.3,9:n:1.7,6:s,2:o,9:n:3.0,3:s,3:o,12:o,8:s,7:s,8:n:1.0;2.1548387096774193;1.7458333333333333;2.1000000000000000;2.2770833333333330;2.4541666666666666;NaN;NaN;1.7176470588235295;3.1294117647058823;4.5411764705882350
rnd-82;9:n:3.3,7:o;3.3000000000000000;2.2937500000000000;2.7312500000000000;2.9500000000000000;3.1687500000000000;NaN;NaN;NaN;1.4714285714285715;2.6142857142857143
rnd-83;7:o,5:n:2.3,5:n:3.7,2:s,1:o,9:n:3.7,12:n:3.7,8:s,5:n:5.0,11:s,9:o,8:n:3.7,3:n:1.3,8:n:5.0;3.7490909090909095;3.1000000000000000;3.3361111111111112;3.4541666666666670;3.5722222222222230;NaN;NaN;NaN;NaN;NaN
rnd-84;5:n:4.0,7:o,11:o,9:n:3.3,3:n:3.3,7:n:2.7,2:s,6:s,11:s,12:o,8:o,6:n:5.0;3.6166666666666667;2.1544117647058822;2.7132352941176470;2.9926470588235294;3.2720588235294117;NaN;NaN;NaN;1.6184210526315790;2.5131578947368420
rnd-85;4:n:1.0,12:n:2.3,1:s,6:n:5.0,9:n:4.0;3.1483870967741930;3.1483870967741930;3.1483870967741930;3.1483870967741930;3.1483870967741930;NaN;NaN;NaN;NaN;NaN
rnd-86;7:n:3.3,6:n:3.3,8:n:1.7,11:s,9:n:2.0,8:o,5:o,6:o,12:s,4:s,7:o,3:s,6:n:5.0,1:s;2.9027777777777777;2.1048387096774195;2.5241935483870970;2.7338709677419355;2.9435483870967740;NaN;NaN;NaN;1.9423076923076923;3.1346153846153846
rnd-87;6:n:2.0,2:s,7:s,1:s,6:o,2:s;2.0000000000000000;1.5000000000000000;2.0000000000000000;2.2500000000000000;2.5000000000000000;NaN;1.0000000000000000;2.0000000000000000;3.0000000000000000;4.0000000000000000
rnd-88;11:s,2:s,8:o,2:s,8:n:3.3,3:n:2.0,1:o,8:n:1.0,8:n:4.0,2:s;2.6814814814814816;2.2611111111111110;2.5111111111111110;2.6361111111111110;2.7611111111111110;NaN;NaN;NaN;1.9555555555555548;3.9555555555555550
rnd-89;3:n:3.7,10:o,2:n:1.0,1:o,7:s,12:n:2.7,1:s;2.6764705882352944;2.0178571428571432;2.4107142857142856;2.6071428571428570;2.8035714285714284;NaN;NaN;NaN;2.2272727272727266;3.4999999999999996
rnd-90;10:n:2.7,8:s,6:o,1:s,6:n:3.3,6:o,7:o,10:n:1.0,1:s;2.1846153846153844;1.6844444444444444;2.1066666666666665;2.3177777777777777;2.5288888888888890;NaN;NaN;1.7473684210526317;2.9315789473684210;4.1157894736842100
rnd-91;5:s,4:n:1.0,3:s,8:o,3:o;1.0000000000000000;1.0000000000000000;1.7333333333333334;2.1000000000000000;2.4666666666666670;1.0000000000000000;1.6818181818181819;2.3636363636363638;3.0454545454545454;3.7272727272727270
rnd-92;12:s,4:s,10:n:2.3,6:n:2.0,1:o,7:n:2.3,12:n:5.0;3.1742857142857140;3.1138888888888890;3.1416666666666666;3.1555555555555554;3.1694444444444443;NaN;NaN;NaN;NaN;NaN
rnd-93;5:n:2.3,10:s,2:s,11:n:2.7;2.5750000000000000;2.5750000000000000;2.5750000000000000;2.5750000000000000;2.5750000000000000;NaN;NaN;NaN;NaN;NaN
rnd-94;5:o,4:s,8:n:3.3,9:n:2.3,7:s,1:o,10:o,7:s,10:o,1:n:3.3;2.7999999999999994;1.7363636363636360;2.3272727272727270;2.6227272727272726;2.9181818181818184;NaN;NaN;1.4461538461538466;2.2923076923076926;3.1384615384615390
rnd-95;9:o,1:n:5.0,3:n:1.7,1:s,4:s,1:o,6:s,2:s,3:o,1:s,8:s,9:s,5:o,3:s;2.5250000000000000;1.2772727272727273;2.0954545454545457;2.5045454545454544;2.9136363636363636;NaN;1.2722222222222221;1.8833333333333333;2.4944444444444445;3.1055555555555556
rnd-96;7:n:5.0,3:o,5:n:2.3;3.8750000000000000;3.3000000000000000;3.5000000000000000;3.6000000000000000;3.7000000000000000;NaN;NaN;NaN;NaN;NaN
rnd-97;6:s,8:o,10:o,4:s,7:o,7:n:1.3,6:s,2:n:4.0,10:n:2.3,12:n:1.0,6:o;1.6806451612903226;1.3403225806451613;1.8403225806451613;2.0903225806451613;2.3403225806451613;NaN;1.3193548387096774;2.3193548387096774;3.3193548387096774;4.3193548387096770
rnd-98;9:n:1.0,4:n:1.3,5:s,5:o;1.0923076923076922;1.0666666666666667;1.3444444444444443;1.4833333333333334;1.6222222222222222;NaN;2.5600000000000000;4.3600000000000000;NaN;NaN
rnd-99;8:o,1:s;0.0000000000000000;1.0000000000000000;2.0000000000000000;2.5000000000000000;3.0000000000000000;1.0000000000000000;1.5000000000000000;2.0000000000000000;2.5000000000000000;3.0000000000000000
rnd-100;;0.0000000000000000;NaN;NaN;NaN;NaN;NaN;NaN;NaN;NaN;NaN
rnd-101;6:o,6:n:5.0,11:o,12:o;5.0000000000000000;1.6857142857142857;2.5142857142857142;2.9285714285714284;3.3428571428571430;NaN;NaN;1.3793103448275863;1.9827586206896552;2.5862068965517240
rnd-102;8:o,10:s,6:s;0.0000000000000000;1.0000000000000000;2.0000000000000000;2.5000000000000000;3.0000000000000000;1.0000000000000000;1.5000000000000000;2.0000000000000000;2.5000000000000000;3.0000000000000000
rnd-103;8:o,12:o,7:s,3:o,12:o,4:n:2.7,6:n:3.3,4:n:2.7,3:o;2.9571428571428570;1.5269230769230768;2.2576923076923077;2.6230769230769230;2.9884615384615385;NaN;NaN;1.6473684210526316;2.3315789473684210;3.0157894736842104
rnd-104;3:n:5.0,5:n:5.0,6:n:2.0;3.7142857142857144;3.7142857142857144;3.7142857142857144;3.7142857142857144;3.7142857142857144;NaN;NaN;NaN;NaN;NaN
rnd-105;7:o,7:o,7:s;0.0000000000000000;1.0000000000000000;2.0000000000000000;2.5000000000000000;3.0000000000000000;1.0000000000000000;1.5000000000000000;2.0000000000000000;2.5000000000000000;3.0000000000000000
rnd-106;3:o,9:n:1.0,3:o,2:o,1:s,9:n:2.7;1.8499999999999999;1.5884615384615384;1.8961538461538460;2.0500000000000000;2.2038461538461536;NaN;NaN;2.3375000000000004;3.9625000000000004;NaN
rnd-107;6:o,10:o,3:s,1:o,8:o,3:n:2.0,8:o,10:s,7:n:2.3,5:s,7:n:3.7,3:s,6:n:2.0;2.6086956521739130;1.6607142857142858;2.2500000000000000;2.5446428571428570;2.8392857142857144;NaN;NaN;1.5757575757575757;2.4242424242424243;3.2727272727272730
rnd-108;2:n:2.0;2.0000000000000000;2.0000000000000000;2.0000000000000000;2.0000000000000000;2.0000000000000000;NaN;NaN;NaN;NaN;NaN
rnd-109;6:s,7:o,3:o,5:o,9:s,12:o,12:o,11:s,12:s,5:o,3:o;0.0000000000000000;1.0000000000000000;2.0000000000000000;2.5000000000000000;3.0000000000000000;1.0000000000000000;1.5000000000000000;2.0000000000000000;2.5000000000000000;3.0000000000000000
rnd-110;7:s,11:o,10:s,10:s,6:n:1.3,8:o,8:n:1.7,9:o,10:o,7:o,5:n:5.0,2:o,8:n:2.0;2.3111111111111110;1.4783783783783784;2.1135135135135137;2.4310810810810810;2.7486486486486483;NaN;1.0340425531914894;1.8212765957446808;2.6085106382978720;3.3957446808510636
rnd-111;12:n:4.0,8:n:4.0,1:n:5.0,2:s,5:n:4.0,9:s,12:s,2:n:3.7,4:s,11:o,4:o,11:n:1.7,9:s,8:o;3.3615384615384616;2.4854838709677420;2.8564516129032260;3.0419354838709680;3.2274193548387100;NaN;NaN;NaN;1.0391304347826090;2.3869565217391306
rnd-112;9:o;0.0000000000000000;1.0000000000000000;2.0000000000000000;2.5000000000000000;3.0000000000000000;1.0000000000000000;1.5000000000000000;2.0000000000000000;2.5000000000000000;3.0000000000000000
rnd-113;10:n:2.0,9:n:2.3,8:s,3:n:3.7,6:s,1:s,11:s,9:n:5.0,2:s,1:o,7:s,5:s;3.1225806451612907;3.0562500000000004;3.0875000000000004;3.1031250000000004;3.1187500000000004;NaN;NaN;NaN;NaN;NaN
rnd-114;10:n:3.0;3.0000000000000000;3.0000000000000000;3.0000000000000000;3.0000000000000000;3.0000000000000000;NaN;NaN;NaN;NaN;NaN
rnd-115;3:o,12:o,6:n:1.3,1:n:3.0,10:n:2.3,2:o,7:o,7:o,11:n:1.0,7:o,10:o,9:s,7:o,9:o;1.5999999999999999;1.1826086956521740;1.8782608695652174;2.2260869565217390;2.5739130434782610;NaN;1.4562500000000000;2.1750000000000000;2.8937500000000000;3.6125000000000000
rnd-116;1:o,12:o,1:s,9:s,5:n:3.3,8:n:2.7,3:o;2.9307692307692310;1.8655172413793104;2.4172413793103447;2.6931034482758620;2.9689655172413790;NaN;NaN;1.2437500000000000;2.1500000000000000;3.0562500000000000
rnd-117;2:o,1:s,9:n:3.0,10:s,11:n:2.0,9:s,5:s,6:s,6:n:1.0,8:s;2.1153846153846154;2.0357142857142856;2.1071428571428570;2.1428571428571430;2.1785714285714284;NaN;NaN;NaN;NaN;NaN
rnd-118;4:o,3:o,2:o,8:s,2:n:5.0,7:n:1.7,9:n:3.3,3:n:1.3,7:s,4:s;2.6428571428571423;2.1500000000000000;2.4500000000000000;2.6000000000000000;2.7500000000000000;NaN;NaN;NaN;2.1666666666666674;3.8333333333333340
rnd-119;4:n:3.0,8:s,9:s,2:o,12:n:2.0,2:o,9:o,3:n:3.7,11:n:1.3,10:n:3.7,6:s,5:n:1.3,8:o;2.3311111111111114;1.9075757575757577;2.2257575757575756;2.3848484848484843;2.5439393939393935;NaN;NaN;1.2904761904761900;2.8619047619047615;4.4333333333333330
rnd-120;11:n:2.0,10:n:2.3,5:o,10:n:5.0,9:n:2.7,7:s,3:o,8:n:3.3,7:s,4:o,12:n:1.7,9:o;2.7683333333333330;2.3098765432098767;2.5691358024691360;2.6987654320987655;2.8283950617283953;NaN;NaN;NaN;1.7333333333333336;3.6619047619047620
rnd-121;12:o,5:s;0.0000000000000000;1.0000000000000000;2.0000000000000000;2.5000000000000000;3.0000000000000000;1.0000000000000000;1.5000000000000000;2.0000000000000000;2.5000000000000000;3.0000000000000000
rnd-122;2:s,1:s,7:n:1.0,12:n:1.0,1:o,11:s,7:n:2.3,2:n:2.7,9:n:3.3,11:n:3.0,7:n:1.7;2.0927272727272728;2.0732142857142857;2.0910714285714285;2.1000000000000000;2.1089285714285713;NaN;NaN;NaN;NaN;NaN
rnd-123;4:o,11:s,9:n:1.3,9:n:1.7,5:n:2.3,2:s,6:o;1.6739130434782610;1.4696969696969697;1.7727272727272727;1.9242424242424243;2.0757575757575757;NaN;1.1000000000000000;2.7500000000000000;4.4000000000000000;NaN
rnd-124;9:o,10:s;0.0000000000000000;1.0000000000000000;2.0000000000000000;2.5000000000000000;3.0000000000000000;1.0000000000000000;1.5000000000000000;2.0000000000000000;2.5000000000000000;3.0000000000000000
rnd-125;5:n:2.7,12:n:2.7,5:n:1.7,6:o,10:n:3.3,9:n:2.0,4:n:2.7;2.5822222222222220;2.3960784313725490;2.5137254901960790;2.5725490196078433;2.6313725490196083;NaN;NaN;NaN;1.8833333333333329;NaN
rnd-126;5:o,7:s,12:n:3.3,5:n:5.0,11:o,4:n:2.7,11:o,7:o;3.5904761904761900;1.9890909090909090;2.6072727272727270;2.9163636363636360;3.2254545454545450;NaN;NaN;1.0176470588235296;1.8264705882352943;2.6352941176470592
rnd-127;;0.0000000000000000;NaN;NaN;NaN;NaN;NaN;NaN;NaN;NaN;NaN
rnd-128;5:o,2:s,6:o,6:o,9:s;0.0000000000000000;1.0000000000000000;2.0000000000000000;2.5000000000000000;3.0000000000000000;1.0000000000000000;1.5000000000000000;2.0000000000000000;2.5000000000000000;3.0000000000000000
rnd-129;12:s,4:s,10:o,2:n:5.0,9:n:1.0,10:n:3.7,11:o,6:o,3:n:1.7,4:s,11:s;2.5458333333333334;1.7274509803921567;2.2568627450980390;2.5215686274509803;2.7862745098039214;NaN;NaN;1.5148148148148148;2.4592592592592593;3.4037037037037040
rnd-130;4:n:1.7,1:s,5:n:2.0,6:n:2.3,8:n:2.7,7:n:2.7,4:o,9:s,5:s;2.3700000000000000;2.2088235294117650;2.3264705882352943;2.3852941176470592;2.4441176470588237;NaN;NaN;NaN;3.4749999999999980;NaN
rnd-131;9:o,11:o,11:o,3:o,4:s,12:s,7:o,3:n:3.3,1:o,5:o,7:s,3:o;3.2999999999999994;1.1301886792452830;2.0735849056603777;2.5452830188679245;3.0169811320754720;NaN;1.3920000000000000;1.9220000000000000;2.4520000000000000;2.9819999999999998
rnd-132;11:s,2:s,8:s,12:n:2.0,8:n:5.0;3.2000000000000000;3.2000000000000000;3.2000000000000000;3.2000000000000000;3.2000000000000000;NaN;NaN;NaN;NaN;NaN
rnd-133;2:o,3:o,2:o,8:n:1.3,9:o;1.3000000000000000;1.0999999999999999;1.7666666666666666;2.1000000000000000;2.4333333333333330;NaN;1.6000000000000000;2.3500000000000000;3.1000000000000000;3.8500000000000000
rnd-134;10:n:1.0,8:o,5:o,1:n:1.0,10:n:1.3,11:n:3.3,2:s,12:n:1.0,11:s,4:o,4:n:3.0,2:s,4:s;1.7562499999999999;1.5584615384615383;1.8200000000000000;1.9507692307692308;2.0815384615384620;NaN;NaN;2.6882352941176473;4.6000000000000005;NaN
rnd-135;4:n:1.3;1.3000000000000000;1.3000000000000000;1.3000000000000000;1.3000000000000000;1.3000000000000000;NaN;NaN;NaN;NaN;NaN
rnd-136;6:s,5:o,4:o,3:o,11:o;0.0000000000000000;1.0000000000000000;2.0000000000000000;2.5000000000000000;3.0000000000000000;1.0000000000000000;1.5000000000000000;2.0000000000000000;2.5000000000000000;3.0000000000000000
rnd-137;9:n:2.3,3:n:4.0,11:n:3.7,3:o,7:s,2:o,12:n:1.0,12:o,4:s,6:o,12:s;2.4400000000000000;1.8689655172413795;2.2655172413793103;2.4637931034482760;2.6620689655172414;NaN;NaN;1.3304347826086953;2.5913043478260867;3.8521739130434782
rnd-138;6:o,3:o;0.0000000000000000;1.0000000000000000;2.0000000000000000;2.5000000000000000;3.0000000000000000;1.0000000000000000;1.5000000000000000;2.0000000000000000;2.5000000000000000;3.0000000000000000
rnd-139;3:o,9:o,9:n:1.7,8:n:1.7,11:n:4.0,1:o;2.6035714285714286;2.0951219512195123;2.4121951219512194;2.5707317073170732;2.7292682926829266;NaN;NaN;NaN;2.2769230769230764;3.8538461538461535
rnd-140;10:s,5:n:1.0,6:n:1.7,6:n:3.7,10:n:3.7,12:o,10:n:5.0,12:n:2.0,11:s,10:n:5.0,4:o,8:o,11:o,3:s;3.3627118644067800;2.4829787234042553;2.8553191489361700;3.0414893617021272;3.2276595744680847;NaN;NaN;NaN;1.0457142857142856;2.3885714285714283
rnd-141;11:o,5:o,4:o,6:n:3.0,12:o,3:n:3.0,5:s,9:o,8:n:3.7,10:o,11:o,12:n:3.0,12:o,11:o;3.1931034482758620;1.5578947368421052;2.3035087719298250;2.6763157894736844;3.0491228070175440;NaN;NaN;1.5929411764705883;2.2635294117647060;2.9341176470588235
rnd-142;11:n:2.0,4:o;2.0000000000000000;1.7333333333333334;2.0000000000000000;2.1333333333333333;2.2666666666666666;NaN;NaN;2.0000000000000000;3.8750000000000000;NaN
rnd-143;10:s,6:s,6:n:5.0,6:n:4.0,1:s;4.5000000000000000;4.5000000000000000;4.5000000000000000;4.5000000000000000;4.5000000000000000;NaN;NaN;NaN;NaN;NaN
rnd-144;5:o,6:n:2.3;2.3000000000000000;1.7090909090909088;2.1636363636363636;2.3909090909090907;2.6181818181818177;NaN;NaN;1.6400000000000001;2.7400000000000000;3.8400000000000007
rnd-145;2:n:3.3,5:s;3.3000000000000000;3.3000000000000000;3.3000000000000000;3.3000000000000000;3.3000000000000000;NaN;NaN;NaN;NaN;NaN
rnd-146;10:o,9:n:2.7,5:n:2.0;2.4499999999999997;1.8458333333333332;2.2624999999999997;2.4708333333333330;2.6791666666666667;NaN;NaN;1.3700000000000003;2.5700000000000003;3.7700000000000005
rnd-147;12:s,11:o,4:s,2:o,4:s,6:o,10:n:2.0,8:s,10:s,4:n:1.3,7:o,6:n:2.7,11:o,12:s;2.0700000000000003;1.3754385964912281;2.0245614035087720;2.3491228070175440;2.6736842105263160;NaN;1.1918918918918917;1.9621621621621620;2.7324324324324323;3.5027027027027025
rnd-148;6:o,11:o,6:n:2.3,10:n:3.7,4:s,4:n:2.7,3:s,1:o,5:s,10:o,9:s,10:n:4.0,6:n:2.0;3.1555555555555554;2.2125000000000000;2.6500000000000000;2.8687500000000000;3.0875000000000000;NaN;NaN;NaN;1.6571428571428573;2.8000000000000003
rnd-149;4:n:2.7,10:o;2.7000000000000000;1.4857142857142858;2.2000000000000000;2.5571428571428570;2.9142857142857140;NaN;1.0200000000000000;1.7200000000000000;2.4200000000000000;3.1200000000000000
rnd-150;2:s,10:s,2:s;0.0000000000000000;NaN;NaN;NaN;NaN;NaN;NaN;NaN;NaN;NaN
rnd-151;10:o,8:n:4.0,6:o,2:n:1.7,3:o,3:s,9:o,10:o,4:n:5.0,11:n:1.3,6:n:2.3,9:o,7:n:3.7,8:s;2.8789473684210530;1.8400000000000000;2.3929411764705890;2.6694117647058830;2.9458823529411770;NaN;NaN;1.2893617021276595;2.1936170212765957;3.0978723404255320
rnd-152;12:o,11:s,11:o,1:n:2.0,12:o,7:s;2.0000000000000000;1.0277777777777777;2.0000000000000000;2.4861111111111110;2.9722222222222223;NaN;1.4857142857142858;2.0000000000000000;2.5142857142857142;3.0285714285714285
rnd-153;1:s,7:o,3:n:2.3,3:n:3.7,6:n:2.0,5:s,8:s,12:s,12:o;2.5000000000000000;1.5806451612903225;2.1935483870967740;2.5000000000000000;2.8064516129032260;NaN;NaN;1.6842105263157894;2.5000000000000000;3.3157894736842106
rnd-154;1:s,8:o,9:o,7:s,2:s,10:o,10:s,2:n:4.0,9:n:1.3,12:n:2.0,7:s;1.9000000000000001;1.4140000000000001;1.9540000000000000;2.2240000000000000;2.4940000000000000;NaN;1.1592592592592592;2.0851851851851850;3.0111111111111110;3.9370370370370370
rnd-155;4:n:1.3,4:s,9:n:2.0;1.7846153846153845;1.7846153846153845;1.7846153846153845;1.7846153846153845;1.7846153846153845;NaN;NaN;NaN;NaN;NaN
rnd-156;12:o,3:o,12:n:3.7,7:o,2:n:4.0,4:o,8:s,6:n:4.0,4:s,8:s,9:s;3.8200000000000003;2.2260869565217390;2.7913043478260873;3.0739130434782610;3.3565217391304350;NaN;NaN;NaN;1.4846153846153844;2.3692307692307690
rnd-157;2:o,4:o,4:o,10:n:1.0,4:o,6:o;1.0000000000000000;1.0000000000000000;1.6666666666666667;2.0000000000000000;2.3333333333333335;1.0000000000000000;1.7500000000000000;2.5000000000000000;3.2500000000000000;4.0000000000000000
rnd-158;12:s,9:n:2.3,11:o,12:s,12:o,12:o,5:s,11:o;2.3000000000000000;1.2127272727272729;2.0490909090909093;2.4672727272727273;2.8854545454545453;NaN;1.3434782608695652;1.9413043478260870;2.5391304347826087;3.1369565217391306
rnd-159;7:o,6:n:1.0,12:o,9:n:1.0,7:n:1.7,5:n:3.7,12:s,9:o,11:n:3.3,2:s,11:n:2.3,1:o,7:o,6:s;2.1836734693877546;1.6823529411764706;2.1058823529411765;2.3176470588235296;2.5294117647058822;NaN;NaN;1.7500000000000004;2.9305555555555560;4.1111111111111110
rnd-160;9:s,12:o;0.0000000000000000;1.0000000000000000;2.0000000000000000;2.5000000000000000;3.0000000000000000;1.0000000000000000;1.5000000000000000;2.0000000000000000;2.5000000000000000;3.0000000000000000
rnd-161;5:n:2.7;2.7000000000000000;2.7000000000000000;2.7000000000000000;2.7000000000000000;2.7000000000000000;NaN;NaN;NaN;NaN;NaN
rnd-162;5:n:3.7,5:n:3.7,3:n:2.7,9:n:4.0,6:s,1:s,1:o,10:s,3:s,9:s,2:o,12:n:4.0,12:n:3.0;3.5891304347826085;3.4306122448979592;3.4918367346938775;3.5224489795918370;3.5530612244897957;NaN;NaN;NaN;NaN;NaN
rnd-163;9:n:1.7,4:s,9:o,10:o,4:n:2.7,5:o,5:n:3.0,12:s,11:n:2.3,2:s;2.2896551724137932;1.7056603773584904;2.1584905660377360;2.3849056603773584;2.6113207547169806;NaN;NaN;1.6499999999999997;2.7541666666666664;3.8583333333333330
rnd-164;2:s,1:o,10:n:4.0,7:o,9:n:2.7,2:s,4:n:4.0,10:s,11:o,6:n:2.0,12:s;3.1827586206896550;2.3187500000000000;2.7145833333333336;2.9125000000000000;3.1104166666666670;NaN;NaN;NaN;1.4578947368421054;2.7210526315789476
rnd-165;7:s,10:o,10:n:5.0,12:o,12:s,8:n:3.3,8:o,11:s,5:n:2.3,9:n:3.3,5:s,3:o;3.6750000000000003;2.3169230769230770;2.8246153846153845;3.0784615384615384;3.3323076923076920;NaN;NaN;NaN;1.3606060606060604;2.3454545454545452
rnd-166;12:s,5:o,7:o,10:n:2.0,6:o,4:o,11:n:3.0,12:o,5:s,7:o,3:s,2:o,8:n:4.0;2.9310344827586206;1.7777777777777777;2.3750000000000000;2.6736111111111110;2.9722222222222223;NaN;NaN;1.3720930232558140;2.2093023255813953;3.0465116279069770
rnd-167;6:o;0.0000000000000000;1.0000000000000000;2.0000000000000000;2.5000000000000000;3.0000000000000000;1.0000000000000000;1.5000000000000000;2.0000000000000000;2.5000000000000000;3.0000000000000000
rnd-168;6:n:1.3,3:s,5:n:2.0,11:o,7:n:3.0,4:o,12:o,6:o,7:s,4:n:2.7,5:n:1.0,12:o;2.0222222222222220;1.3833333333333333;2.0083333333333333;2.3208333333333333;2.6333333333333337;NaN;1.1866666666666668;1.9866666666666668;2.7866666666666666;3.5866666666666670
rnd-169;;0.0000000000000000;NaN;NaN;NaN;NaN;NaN;NaN;NaN;NaN;NaN
rnd-170;8:n:4.0,8:o,12:n:2.7,2:s,8:s,1:o,8:o,4:o,11:o,6:o;3.2200000000000000;1.7655172413793105;2.4206896551724140;2.7482758620689656;3.0758620689655170;NaN;NaN;1.3578947368421050;2.1210526315789470;2.8842105263157890
rnd-171;2:n:5.0,3:s,11:s,7:o,5:n:2.3,12:s,8:s,2:n:2.0,5:o,2:s;2.8333333333333335;1.7857142857142858;2.3571428571428570;2.6428571428571430;2.9285714285714284;NaN;NaN;1.3750000000000000;2.2500000000000000;3.1250000000000000
rnd-172;;0.0000000000000000;NaN;NaN;NaN;NaN;NaN;NaN;NaN;NaN;NaN
rnd-173;2:n:2.0,10:s,6:s,9:s,3:s;2.0000000000000000;2.0000000000000000;2.0000000000000000;2.0000000000000000;2.0000000000000000;NaN;NaN;NaN;NaN;NaN
rnd-174;1:n:2.0,6:o,3:n:3.3,10:o,6:s,10:n:2.3,2:s,8:s,1:s,7:o,1:n:1.3,7:n:5.0,10:n:3.3;3.2562499999999996;2.3127272727272725;2.7309090909090905;2.9400000000000000;3.1490909090909090;NaN;NaN;NaN;1.4478260869565223;2.6434782608695655
rnd-175;;0.0000000000000000;NaN;NaN;NaN;NaN;NaN;NaN;NaN;NaN;NaN
rnd-176;;0.0000000000000000;NaN;NaN;NaN;NaN;NaN;NaN;NaN;NaN;NaN
rnd-177;11:n:5.0,7:s,4:s,5:o,12:n:4.0,7:n:5.0,3:o,9:s,9:s,6:o,3:o,4:o,4:n:3.3,7:s;4.4470588235294110;3.1309090909090910;3.5127272727272727;3.7036363636363636;3.8945454545454545;NaN;NaN;NaN;NaN;NaN
rnd-178;1:o,5:o,1:n:1.0;1.0000000000000000;1.0000000000000000;1.8571428571428572;2.2857142857142856;2.7142857142857144;1.0000000000000000;1.5833333333333333;2.1666666666666665;2.7500000000000000;3.3333333333333335
rnd-179;10:s,5:n:2.0,9:o,7:s,2:n:5.0,3:s;2.8571428571428570;1.8125000000000000;2.3750000000000000;2.6562500000000000;2.9375000000000000;NaN;NaN;1.3333333333333333;2.2222222222222223;3.1111111111111110
rnd-180;8:o,12:s,6:s,7:s,10:n:1.3,1:s,10:s,7:n:1.0;1.1764705882352942;1.1200000000000000;1.4400000000000000;1.6000000000000000;1.7600000000000000;NaN;2.1875000000000000;3.7500000000000000;NaN;NaN
rnd-181;10:s,7:o,5:n:3.0,8:n:1.3,1:s,9:s,6:o,8:o,6:n:1.3,9:o,3:o,2:n:3.0,11:n:5.0;2.9437500000000000;1.9569230769230770;2.4646153846153847;2.7184615384615385;2.9723076923076923;NaN;NaN;1.0848484848484847;2.0696969696969700;3.0545454545454547
rnd-182;10:s,6:o,4:o,10:n:1.7,1:o,6:s,8:o,7:o,4:n:2.3,1:n:2.0,7:s,10:o;1.8800000000000000;1.2588235294117647;1.9647058823529413;2.3176470588235296;2.6705882352941175;NaN;1.3416666666666666;2.0500000000000000;2.7583333333333333;3.4666666666666670
rnd-183;9:o,9:n:3.0;3.0000000000000000;2.0000000000000000;2.5000000000000000;2.7500000000000000;3.0000000000000000;NaN;NaN;1.0000000000000000;2.0000000000000000;3.0000000000000000
rnd-184;2:n:3.0,2:n:1.7,12:o,1:o,3:o,3:n:3.7,7:s,3:n:5.0,7:s,11:s;3.5500000000000000;1.9807692307692308;2.5961538461538463;2.9038461538461537;3.2115384615384617;NaN;NaN;1.0312500000000000;1.8437500000000000;2.6562500000000000
rnd-185;4:s,7:o,1:o,12:s;0.0000000000000000;1.0000000000000000;2.0000000000000000;2.5000000000000000;3.0000000000000000;1.0000000000000000;1.5000000000000000;2.0000000000000000;2.5000000000000000;3.0000000000000000
rnd-186;5:s,7:n:2.3,12:o,3:o,9:s,4:n:3.3,9:n:2.7,10:s,10:s,8:s,6:s,6:n:1.7,4:s;2.4538461538461536;1.9219512195121950;2.2878048780487803;2.4707317073170730;2.6536585365853660;NaN;NaN;1.2133333333333336;2.5800000000000000;3.9466666666666668
rnd-187;7:o,10:o,3:o,5:n:3.7,11:s,5:o;3.7000000000000000;1.4500000000000000;2.2833333333333330;2.7000000000000000;3.1166666666666667;NaN;1.0600000000000000;1.6600000000000000;2.2600000000000000;2.8600000000000000
rnd-188;11:o,3:s,6:o,9:o;0.0000000000000000;1.0000000000000000;2.0000000000000000;2.5000000000000000;3.0000000000000000;1.0000000000000000;1.5000000000000000;2.0000000000000000;2.5000000000000000;3.0000000000000000
rnd-189;3:o,8:n:4.0,4:n:2.0,11:o,9:n:1.0;2.3333333333333335;1.8000000000000000;2.2000000000000000;2.4000000000000000;2.6000000000000000;NaN;NaN;1.5000000000000000;2.7500000000000000;4.0000000000000000
rnd-190;4:o,2:n:1.0;1.0000000000000000;1.0000000000000000;1.6666666666666667;2.0000000000000000;2.3333333333333335;1.0000000000000000;1.7500000000000000;2.5000000000000000;3.2500000000000000;4.0000000000000000
rnd-191;11:o;0.0000000000000000;1.0000000000000000;2.0000000000000000;2.5000000000000000;3.0000000000000000;1.0000000000000000;1.5000000000000000;2.0000000000000000;2.5000000000000000;3.0000000000000000
rnd-192;5:o,10:s,8:o,7:n:1.7,1:o,9:o,2:s,6:s,12:o,10:o;1.7000000000000000;1.0942307692307691;1.9596153846153848;2.3923076923076922;2.8250000000000000;NaN;1.4688888888888887;2.0466666666666664;2.6244444444444444;3.2022222222222223
rnd-193;3:s,11:s,11:o,5:n:3.3,9:o,11:s,6:n:1.0,7:n:1.3,10:s,1:n:1.3;1.7315789473684209;1.3564102564102565;1.8692307692307690;2.1256410256410256;2.3820512820512820;NaN;1.2800000000000000;2.2550000000000000;3.2299999999999995;4.2050000000000000
rnd-194;10:o,6:n:1.0,2:n:2.7,9:o,2:o,2:n:2.0,12:s,7:o,10:s,1:o,5:s,3:n:3.7,12:n:2.7,9:s;2.3560000000000003;1.6277777777777780;2.1648148148148150;2.4333333333333336;2.7018518518518520;NaN;NaN;1.6931034482758618;2.6241379310344826;3.5551724137931030
rnd-195;1:n:2.0,11:s,1:n:2.3,12:n:3.7,5:n:1.3,5:s,9:s,10:o,10:n:2.7,8:o,11:n:4.0;3.1550000000000002;2.4862068965517240;2.7965517241379310;2.9517241379310340;3.1068965517241380;NaN;NaN;NaN;1.0444444444444443;2.6555555555555554
rnd-196;1:o;0.0000000000000000;1.0000000000000000;2.0000000000000000;2.5000000000000000;3.0000000000000000;1.0000000000000000;1.5000000000000000;2.0000000000000000;2.5000000000000000;3.0000000000000000
rnd-197;8:n:1.7,12:o,7:n:1.3,8:s,10:s;1.5133333333333332;1.2851851851851852;1.7296296296296296;1.9518518518518520;2.1740740740740740;NaN;1.4833333333333334;2.6083333333333334;3.7333333333333330;4.8583333333333330
rnd-198;2:n:2.0,8:o,2:o,9:n:3.3,9:o,11:s;3.0636363636363640;1.7566666666666668;2.3900000000000000;2.7066666666666666;3.0233333333333334;NaN;NaN;1.3842105263157893;2.1736842105263157;2.9631578947368418
rnd-199;4:o,3:s,3:s,11:n:3.0,1:o;3.0000000000000000;2.3750000000000000;2.6875000000000000;2.8437500000000000;3.0000000000000000;NaN;NaN;NaN;1.4000000000000000;3.0000000000000000
rnd-200;;0.0000000000000000;NaN;NaN;NaN;NaN;NaN;NaN;NaN;NaN;NaN
rnd-201;;0.0000000000000000;NaN;NaN;NaN;NaN;NaN;NaN;NaN;NaN;NaN
rnd-202;3:o,7:o,2:s,5:o,4:n:5.0,11:o;5.0000000000000000;1.5333333333333334;2.4000000000000000;2.8333333333333335;3.2666666666666666;NaN;NaN;1.5384615384615385;2.1153846153846154;2.6923076923076925
rnd-203;11:o,10:s,3:s,12:o,3:n:3.0,2:s,3:s,3:n:5.0,9:n:2.7,5:n:1.3,5:o,4:s;2.7399999999999998;1.7249999999999999;2.3083333333333330;2.6000000000000000;2.8916666666666670;NaN;NaN;1.4714285714285715;2.3285714285714287;3.1857142857142860
rnd-204;3:s,1:n:3.7,4:s,10:s,9:s;3.7000000000000000;3.7000000000000000;3.7000000000000000;3.7000000000000000;3.7000000000000000;NaN;NaN;NaN;NaN;NaN
rnd-205;6:n:1.0,2:o,4:o,12:s,4:n:1.7,9:n:3.0,4:s,2:o,9:n:1.3;1.8392857142857142;1.6527777777777777;1.8750000000000000;1.9861111111111112;2.0972222222222223;NaN;NaN;2.5625000000000000;4.8125000000000000;NaN
rnd-206;1:n:1.3,3:o,10:s,2:n:2.3,3:o,9:s,11:o,10:s,4:n:1.7,3:n:3.0,1:n:2.0;2.1545454545454543;1.4535714285714287;2.0607142857142855;2.3642857142857140;2.6678571428571423;NaN;1.0764705882352940;1.9000000000000000;2.7235294117647055;3.5470588235294116
rnd-207;4:n:3.7,4:s,2:o,10:o;3.7000000000000000;1.6750000000000000;2.4250000000000000;2.8000000000000000;3.1750000000000000;NaN;NaN;1.4333333333333333;2.1000000000000000;2.7666666666666670
rnd-208;8:o,3:n:1.3;1.3000000000000000;1.0818181818181818;1.8090909090909089;2.1727272727272724;2.5363636363636360;NaN;1.5750000000000000;2.2625000000000000;2.9500000000000000;3.6375000000000000
rnd-209;10:n:3.7,2:o,5:n:2.0,12:o,8:n:2.3,4:o;2.8434782608695657;2.0341463414634147;2.4731707317073170;2.6926829268292685;2.9121951219512194;NaN;NaN;NaN;2.0611111111111110;3.1999999999999997
rnd-210;6:o,3:o,5:o,10:n:5.0,8:n:3.3,1:s,7:s,7:o,8:n:3.7,2:s,6:o;4.0769230769230770;2.5094339622641510;3.0188679245283020;3.2735849056603774;3.5283018867924527;NaN;NaN;NaN;NaN;1.9629629629629630
rnd-211;3:o;0.0000000000000000;1.0000000000000000;2.0000000000000000;2.5000000000000000;3.0000000000000000;1.0000000000000000;1.5000000000000000;2.0000000000000000;2.5000000000000000;3.0000000000000000
rnd-212;10:o,7:n:2.7,4:s;2.7000000000000000;1.7000000000000002;2.2882352941176474;2.5823529411764707;2.8764705882352946;NaN;NaN;1.5099999999999998;2.3600000000000000;3.2099999999999995
rnd-213;9:o,4:s,5:o,4:s,12:n:1.7,9:n:1.0,5:n:3.3,12:o,2:o,4:o,3:n:5.0;2.1000000000000000;1.5229508196721313;2.0475409836065577;2.3098360655737706;2.5721311475409836;NaN;NaN;1.9093750000000000;2.8625000000000000;3.8156250000000000
rnd-214;12:n:3.0,12:n:3.7,3:n:3.3,12:s,1:o;3.3444444444444450;3.2607142857142860;3.2964285714285717;3.3142857142857145;3.3321428571428577;NaN;NaN;NaN;NaN;NaN
rnd-215;10:o,5:s;0.0000000000000000;1.0000000000000000;2.0000000000000000;2.5000000000000000;3.0000000000000000;1.0000000000000000;1.5000000000000000;2.0000000000000000;2.5000000000000000;3.0000000000000000
rnd-216;1:s,1:s,7:s,6:o,8:o,4:o,4:o;0.0000000000000000;1.0000000000000000;2.0000000000000000;2.5000000000000000;3.0000000000000000;1.0000000000000000;1.5000000000000000;2.0000000000000000;2.5000000000000000;3.0000000000000000
rnd-217;4:n:3.7,4:o,12:o,8:o,8:n:2.0,9:n:1.3,7:n:5.0,3:n:3.3,8:s;2.8193548387096774;2.0254545454545454;2.4618181818181820;2.6800000000000000;2.8981818181818184;NaN;NaN;NaN;2.0875000000000000;3.2333333333333330
rnd-218;;0.0000000000000000;NaN;NaN;NaN;NaN;NaN;NaN;NaN;NaN;NaN
rnd-219;1:n:2.0,1:n:1.7,7:n:1.7,11:o,3:o,5:o,5:s,7:o;1.7333333333333334;1.1885714285714286;1.9314285714285713;2.3028571428571425;2.6742857142857140;NaN;1.4192307692307690;2.0923076923076924;2.7653846153846158;3.4384615384615387
rnd-220;7:o,8:s,8:s,7:s,9:s;0.0000000000000000;1.0000000000000000;2.0000000000000000;2.5000000000000000;3.0000000000000000;1.0000000000000000;1.5000000000000000;2.0000000000000000;2.5000000000000000;3.0000000000000000
rnd-221;10:s,7:o,11:o,7:n:2.7,5:n:4.0,4:o,8:o,8:s,12:s,10:n:3.0,10:s,4:o,2:s,8:n:3.7;3.2833333333333330;2.0703125000000000;2.6015625000000000;2.8671875000000000;3.1328125000000000;NaN;NaN;NaN;1.8088235294117647;2.7500000000000000
rnd-222;7:s,11:s,7:n:3.7,5:n:1.0,8:o,8:s,6:s,6:o,4:s,4:o,4:s,2:n:5.0;2.9214285714285717;1.8406250000000002;2.4031250000000000;2.6843750000000000;2.9656250000000000;NaN;NaN;1.2833333333333330;2.1722222222222220;3.0611111111111110
rnd-223;12:s,8:o,3:o,5:o,12:n:3.0,11:o,4:n:2.0,12:n:2.3;2.5571428571428570;1.7927272727272727;2.2836363636363637;2.5290909090909090;2.7745454545454544;NaN;NaN;1.4222222222222225;2.4407407407407410;3.4592592592592593
rnd-224;11:s,9:o,7:s,11:n:4.0,8:s,4:s,2:o,8:n:3.0,7:n:2.7,6:s,11:n:1.7,7:n:3.3;2.9250000000000003;2.5400000000000005;2.7400000000000000;2.8400000000000000;2.9400000000000000;NaN;NaN;NaN;NaN;3.2999999999999985
rnd-225;3:n:4.0,2:o,8:s,7:o,5:n:5.0,2:n:2.7,5:s,10:n:1.0,5:s,10:n:1.0,6:s,8:s;2.0800000000000000;1.8307692307692310;2.0615384615384618;2.1769230769230770;2.2923076923076926;NaN;NaN;1.7333333333333334;3.9000000000000004;NaN
rnd-226;9:n:2.0,12:s,5:n:4.0,5:n:3.3,11:n:5.0,5:s,2:o,7:o,1:o,7:o,1:n:4.0,3:o,1:n:3.3,7:n:1.3;3.2282051282051280;2.4728813559322034;2.8118644067796610;2.9813559322033900;3.1508474576271186;NaN;NaN;NaN;1.0800000000000005;2.5550000000000006
rnd-227;1:n:5.0,11:n:1.3,10:n:1.0;1.3318181818181818;1.3318181818181818;1.3318181818181818;1.3318181818181818;1.3318181818181818;NaN;NaN;NaN;NaN;NaN
rnd-228;11:o,2:n:1.3,10:n:3.7,5:n:2.3,12:o;3.0058823529411764;1.8524999999999998;2.4274999999999998;2.7150000000000000;3.0025000000000000;NaN;NaN;1.2565217391304346;2.1260869565217390;2.9956521739130437
rnd-229;6:n:2.7,11:o,5:s,2:s;2.7000000000000006;1.6000000000000000;2.2470588235294118;2.5705882352941180;2.8941176470588240;NaN;NaN;1.6181818181818180;2.3909090909090907;3.1636363636363636
rnd-230;3:o,12:n:1.0,6:o,10:s,3:o,12:o,7:s,7:s,12:o,7:n:2.7,2:n:4.0;1.8523809523809527;1.3140350877192983;1.9456140350877194;2.2614035087719300;2.5771929824561406;NaN;1.2944444444444443;2.0861111111111110;2.8777777777777778;3.6694444444444443
rnd-231;3:o,10:n:5.0,9:s,10:n:4.0,7:o,3:o,12:n:2.3,7:n:4.0,12:n:4.0,1:n:2.3,7:s,11:s;3.7673076923076922;3.2138461538461540;3.4138461538461540;3.5138461538461540;3.6138461538461540;NaN;NaN;NaN;NaN;NaN
rnd-232;;0.0000000000000000;NaN;NaN;NaN;NaN;NaN;NaN;NaN;NaN;NaN
rnd-233;1:o,3:o,2:o,3:s,7:n:2.0,3:o,11:n:1.0,6:o,4:s,1:s,2:n:2.3,5:o,2:o,4:o;1.4800000000000000;1.2086956521739132;1.7739130434782608;2.0565217391304347;2.3391304347826085;NaN;1.5153846153846153;2.4000000000000000;3.2846153846153850;4.1692307692307695
rnd-234;7:s,4:s,3:o,6:n:1.3,6:o,10:s;1.3000000000000000;1.1200000000000000;1.7200000000000000;2.0200000000000000;2.3200000000000000;NaN;1.6333333333333333;2.4666666666666670;3.3000000000000000;4.1333333333333340
rnd-235;12:n:4.0,2:n:1.0,11:s,3:o,7:o,3:s,7:s,6:n:4.0,2:o,1:o,2:s,7:n:3.0,12:s;3.5185185185185186;2.7000000000000000;3.0250000000000000;3.1875000000000000;3.3500000000000000;NaN;NaN;NaN;NaN;1.9230769230769231
rnd-236;5:s,10:s,7:s;0.0000000000000000;NaN;NaN;NaN;NaN;NaN;NaN;NaN;NaN;NaN
rnd-237;8:n:2.7,5:n:1.3,1:s,10:o,6:s,9:s,7:o,2:n:1.0,11:o,4:s,1:o,11:n:3.7;2.7230769230769236;1.8145454545454547;2.3418181818181822;2.6054545454545455;2.8690909090909090;NaN;NaN;1.3517241379310340;2.3000000000000000;3.2482758620689650
rnd-238;9:s,3:o,2:n:1.3,8:n:2.7;2.4200000000000004;2.0923076923076924;2.3230769230769233;2.4384615384615387;2.5538461538461540;NaN;NaN;NaN;2.7666666666666657;4.9333333333333330
rnd-239;10:n:4.0,3:n:2.7,10:s,12:s,11:s,11:n:1.3,4:n:3.3,6:s,9:n:2.3,4:s;2.6027027027027030;2.6027027027027030;2.6027027027027030;2.6027027027027030;2.6027027027027030;NaN;NaN;NaN;NaN;NaN
rnd-240;3:o,8:o,11:n:1.0;1.0000000000000000;1.0000000000000000;1.5000000000000000;1.7500000000000000;2.0000000000000000;1.0000000000000000;2.0000000000000000;3.0000000000000000;4.0000000000000000;5.0000000000000000
rnd-241;11:s,7:n:2.3,11:o;2.3000000000000000;1.5055555555555555;2.1166666666666663;2.4222222222222220;2.7277777777777774;NaN;NaN;1.8090909090909093;2.6272727272727274;3.4454545454545458
rnd-242;5:o;0.0000000000000000;1.0000000000000000;2.0000000000000000;2.5000000000000000;3.0000000000000000;1.0000000000000000;1.5000000000000000;2.0000000000000000;2.5000000000000000;3.0000000000000000
rnd-243;3:n:2.0,4:n:1.0,5:o,5:s;1.4285714285714286;1.2500000000000000;1.6666666666666667;1.8750000000000000;2.0833333333333335;NaN;1.6000000000000000;2.8000000000000000;4.0000000000000000;NaN
rnd-244;5:s,4:o,2:n:2.0,8:n:2.3,6:o,4:s,10:n:1.0,8:n:5.0,4:s,9:o,1:s,12:o;2.5857142857142860;1.7525423728813560;2.2779661016949153;2.5406779661016950;2.8033898305084746;NaN;NaN;1.4709677419354836;2.4225806451612900;3.3741935483870966
rnd-245;6:o,3:n:4.0,5:o,10:n:2.3,12:n:1.7;2.2159999999999997;1.8444444444444446;2.1500000000000004;2.3027777777777780;2.4555555555555557;NaN;NaN;1.5090909090909093;3.1454545454545455;4.7818181818181820
rnd-246;5:n:5.0,3:s,4:o,4:s,9:o,1:o,1:n:2.0,6:n:2.3,9:o,11:o;3.4000000000000000;1.6260869565217390;2.3652173913043480;2.7347826086956520;3.1043478260869570;NaN;NaN;1.5058823529411764;2.1823529411764710;2.8588235294117648
rnd-247;12:s,7:n:1.3,7:n:1.3,5:o,1:o,12:n:2.0;1.6230769230769230;1.5062500000000000;1.6937500000000000;1.7875000000000000;1.8812500000000000;NaN;NaN;3.6333333333333330;NaN;NaN
rnd-248;1:n:1.3,5:o,7:s,5:s,11:n:1.7,3:s,9:n:2.7,5:o,10:o;2.1095238095238096;1.5682926829268290;2.0560975609756100;2.3000000000000000;2.5439024390243903;NaN;NaN;1.8850000000000002;2.9100000000000000;3.9350000000000000
rnd-249;8:o,1:n:3.7,12:s,3:n:5.0,4:s,9:o,11:n:4.0,2:s,9:n:2.3,10:n:1.0,11:o,12:n:4.0,9:o;3.0739130434782610;2.1493975903614460;2.5951807228915660;2.8180722891566266;3.0409638554216870;NaN;NaN;NaN;1.7864864864864862;2.9081081081081080
rnd-250;3:o,3:n:2.7,12:s,11:n:3.3,8:o,11:o,7:s,9:s,8:o,2:s,7:n:2.0,3:o,7:s,2:n:3.7;2.8608695652173910;1.7642857142857145;2.3535714285714286;2.6482142857142860;2.9428571428571430;NaN;NaN;1.4000000000000001;2.2484848484848485;3.0969696969696970
rnd-251;12:n:1.0,10:s,8:n:2.3,9:o,4:o,10:o,10:s,5:s;1.5200000000000000;1.2418604651162790;1.7767441860465119;2.0441860465116280;2.3116279069767445;NaN;1.4826086956521740;2.4173913043478263;3.3521739130434782;4.2869565217391300
rnd-252;12:n:1.3,5:o,9:o,9:s,5:o,4:s,4:n:2.0,12:s,4:o,1:o,11:n:1.3,8:n:2.7,2:o,11:o;1.7000000000000002;1.3402777777777777;1.8541666666666667;2.1111111111111110;2.3680555555555554;NaN;1.3108108108108105;2.2837837837837838;3.2567567567567566;4.2297297297297300
rnd-253;10:n:1.7,5:n:3.3,10:n:3.0,4:s,2:s,1:o,1:n:4.0;2.5961538461538463;2.5370370370370370;2.5740740740740740;2.5925925925925926;2.6111111111111110;NaN;NaN;NaN;NaN;NaN
rnd-254;3:n:5.0,11:s,6:s,2:s,11:o,8:s,10:n:4.0,5:o,8:n:1.0,3:o,6:s,8:n:4.0,2:s;3.2758620689655173;2.3750000000000000;2.7708333333333335;2.9687500000000000;3.1666666666666665;NaN;NaN;NaN;1.3157894736842106;2.5789473684210527
rnd-255;6:n:3.3,3:s;3.2999999999999994;3.2999999999999994;3.2999999999999994;3.2999999999999994;3.2999999999999994;NaN;NaN;NaN;NaN;NaN
rnd-256;5:s,12:s,2:n:3.3,10:s;3.3000000000000000;3.3000000000000000;3.3000000000000000;3.3000000000000000;3.3000000000000000;NaN;NaN;NaN;NaN;NaN
rnd-257;5:n:3.7;3.7000000000000000;3.7000000000000000;3.7000000000000000;3.7000000000000000;3.7000000000000000;NaN;NaN;NaN;NaN;NaN
rnd-258;10:n:1.3,2:n:4.0,12:o,10:s;1.7500000000000000;1.3750000000000000;1.8750000000000000;2.1250000000000000;2.3750000000000000;NaN;1.2500000000000000;2.2500000000000000;3.2500000000000000;4.2500000000000000
rnd-259;3:o;0.0000000000000000;1.0000000000000000;2.0000000000000000;2.5000000000000000;3.0000000000000000;1.0000000000000000;1.5000000000000000;2.0000000000000000;2.5000000000000000;3.0000000000000000
rnd-260;8:s;0.0000000000000000;NaN;NaN;NaN;NaN;NaN;NaN;NaN;NaN;NaN
rnd-261;12:o,8:n:2.0,1:n:1.3,2:s,9:s,10:s,5:o,2:n:2.0,11:s,11:s,9:n:2.0,1:o;1.9649999999999999;1.5078947368421052;1.9815789473684209;2.2184210526315790;2.4552631578947370;NaN;NaN;2.0388888888888890;3.0944444444444446;4.1500000000000000
rnd-262;9:s,10:o,10:s;0.0000000000000000;1.0000000000000000;2.0000000000000000;2.5000000000000000;3.0000000000000000;1.0000000000000000;1.5000000000000000;2.0000000000000000;2.5000000000000000;3.0000000000000000
rnd-263;9:s,9:n:2.7,5:s,5:s,12:n:2.3,10:n:2.3,3:s,5:s,5:s,5:o,11:o,7:o;2.4161290322580650;1.8129629629629630;2.2388888888888890;2.4518518518518520;2.6648148148148150;NaN;NaN;1.4391304347826084;2.6130434782608694;3.7869565217391300
rnd-264;8:o;0.0000000000000000;1.0000000000000000;2.0000000000000000;2.5000000000000000;3.0000000000000000;1.0000000000000000;1.5000000000000000;2.0000000000000000;2.5000000000000000;3.0000000000000000
rnd-265;8:o,9:s,5:o;0.0000000000000000;1.0000000000000000;2.0000000000000000;2.5000000000000000;3.0000000000000000;1.0000000000000000;1.5000000000000000;2.0000000000000000;2.5000000000000000;3.0000000000000000
rnd-266;9:s,2:o,11:o,12:n:3.3,6:s,2:o,9:s,6:o,10:s,3:s;3.2999999999999994;1.8363636363636362;2.4727272727272727;2.7909090909090906;3.1090909090909090;NaN;NaN;1.2571428571428573;2.0428571428571430;2.8285714285714287
rnd-267;12:s,6:o,12:o,9:s,5:o,4:s,5:s,5:o;0.0000000000000000;1.0000000000000000;2.0000000000000000;2.5000000000000000;3.0000000000000000;1.0000000000000000;1.5000000000000000;2.0000000000000000;2.5000000000000000;3.0000000000000000
rnd-268;8:s,1:n:5.0,10:n:2.0,5:s,5:n:3.7,11:o,5:s,1:n:1.3,1:o,5:n:1.3,12:n:1.3,11:n:3.0,3:n:1.0,3:o;2.1437500000000003;1.8714285714285714;2.1095238095238096;2.2285714285714286;2.3476190476190477;NaN;NaN;1.5399999999999996;3.6399999999999997;NaN
rnd-269;8:o,11:n:1.3,9:s,12:n:1.0;1.1434782608695653;1.1064516129032258;1.3645161290322580;1.4935483870967740;1.6225806451612903;NaN;2.5250000000000000;4.4625000000000000;NaN;NaN
rnd-270;1:n:3.0,11:o,6:n:2.3;2.3999999999999995;1.5444444444444443;2.1555555555555554;2.4611111111111110;2.7666666666666666;NaN;NaN;1.7454545454545458;2.5636363636363640;3.3818181818181823
rnd-271;2:s,5:n:3.7,5:o,5:n:1.7,11:o,5:s,4:s,11:n:3.3,5:o,10:n:1.7,4:s;2.5903225806451613;1.9480769230769230;2.3519230769230770;2.5538461538461540;2.7557692307692310;NaN;NaN;1.1285714285714288;2.3666666666666667;3.6047619047619050
rnd-272;8:s,5:n:3.0,5:o,12:n:2.3,1:n:2.0,12:o;2.4777777777777774;1.7599999999999998;2.2457142857142856;2.4885714285714284;2.7314285714285713;NaN;NaN;1.4941176470588238;2.5235294117647062;3.5529411764705885
rnd-273;8:s,4:s,11:s,6:s,1:n:1.0,11:n:3.0,10:o,4:n:3.7,6:s,11:s,4:o,6:n:1.0;2.4909090909090907;1.9111111111111110;2.3000000000000000;2.4944444444444445;2.6888888888888887;NaN;NaN;1.2285714285714289;2.5142857142857147;3.8000000000000003
rnd-274;4:s,1:s,12:n:2.3,12:o,3:n:2.3,3:s,9:n:1.0,10:s,6:n:2.0,1:o;1.8500000000000000;1.5930232558139534;1.8953488372093024;2.0465116279069770;2.1976744186046510;NaN;NaN;2.3461538461538463;4.0000000000000000;NaN
rnd-275;12:s,9:o,11:n:1.0,9:o,4:n:1.0,11:s,4:o,5:n:2.7,2:o,8:s,2:n:2.7,12:o,3:o,9:o;1.5409090909090908;1.1700000000000002;1.8557142857142859;2.1985714285714290;2.5414285714285714;NaN;1.4812500000000000;2.2104166666666667;2.9395833333333330;3.6687499999999997
rnd-276;3:o,2:o,8:n:2.3,11:n:1.0,9:n:1.0,3:o,11:s,7:n:3.0,8:n:3.3,3:n:2.3,2:s,11:s,7:s,10:o;2.0152173913043480;1.7296875000000003;2.0109375000000003;2.1515625000000003;2.2921875000000003;NaN;NaN;1.9611111111111110;3.7388888888888890;NaN
rnd-277;1:s,11:o,7:o,6:o,11:n:3.7,2:n:1.7,2:o,11:o,12:s;3.3923076923076922;1.6220000000000000;2.3620000000000000;2.7320000000000007;3.1020000000000003;NaN;NaN;1.5108108108108107;2.1864864864864866;2.8621621621621625
rnd-278;9:n:2.3,8:n:2.3,8:s,9:o,7:s,9:o;2.3000000000000000;1.6314285714285712;2.1457142857142855;2.4028571428571426;2.6599999999999997;NaN;NaN;1.7166666666666670;2.6888888888888890;3.6611111111111114
rnd-279;10:s,4:n:1.3,8:s;1.3000000000000000;1.3000000000000000;1.3000000000000000;1.3000000000000000;1.3000000000000000;NaN;NaN;NaN;NaN;NaN
rnd-280;2:o,5:n:2.3,12:s,4:s,6:o;2.3000000000000000;1.5000000000000000;2.1153846153846154;2.4230769230769230;2.7307692307692310;NaN;1.0000000000000000;1.8125000000000000;2.6250000000000000;3.4375000000000000
rnd-281;12:s,6:o,2:o,3:s,3:s,12:o,4:n:2.7,1:n:3.3,8:s,6:n:3.7;3.3000000000000003;1.8161290322580645;2.4612903225806453;2.7838709677419353;3.1064516129032260;NaN;NaN;1.2849999999999997;2.0599999999999996;2.8350000000000000
rnd-282;5:n:3.7,3:o,2:n:2.0;3.2142857142857144;2.5500000000000000;2.8500000000000000;3.0000000000000000;3.1500000000000000;NaN;NaN;NaN;NaN;2.5000000000000000
rnd-283;8:o,8:s,7:s,4:n:3.7,6:o,2:s;3.7000000000000000;1.6000000000000000;2.3777777777777778;2.7666666666666666;3.1555555555555554;NaN;NaN;1.5142857142857142;2.1571428571428570;2.8000000000000003
rnd-284;11:s,5:s,7:s,4:s,10:o,1:o,5:o,9:o;0.0000000000000000;1.0000000000000000;2.0000000000000000;2.5000000000000000;3.0000000000000000;1.0000000000000000;1.5000000000000000;2.0000000000000000;2.5000000000000000;3.0000000000000000
rnd-285;1:n:2.3,8:o,2:o,2:n:2.0,6:n:3.0,6:s,12:o,1:n:3.7,3:s,5:o,3:n:1.3,9:n:2.3,9:n:3.0,4:n:4.0;2.7314285714285713;1.9774193548387096;2.4129032258064520;2.6306451612903228;2.8483870967741933;NaN;NaN;1.0518518518518520;2.2000000000000000;3.3481481481481485
rnd-286;8:o,6:n:4.0,5:s;4.0000000000000000;2.2857142857142856;2.8571428571428570;3.1428571428571430;3.4285714285714284;NaN;NaN;NaN;1.3750000000000000;2.2500000000000000
rnd-287;11:o,5:s;0.0000000000000000;1.0000000000000000;2.0000000000000000;2.5000000000000000;3.0000000000000000;1.0000000000000000;1.5000000000000000;2.0000000000000000;2.5000000000000000;3.0000000000000000
rnd-288;2:s,9:s,11:s,6:s,2:n:3.7,4:n:2.0,2:n:2.7;2.6000000000000000;2.6000000000000000;2.6000000000000000;2.6000000000000000;2.6000000000000000;NaN;NaN;NaN;NaN;NaN
rnd-289;4:n:2.3,4:n:2.3,10:n:3.3,8:n:4.0,3:o,1:n:1.7,1:o,7:s;3.1518518518518523;2.8741935483870970;3.0032258064516130;3.0677419354838710;3.1322580645161290;NaN;NaN;NaN;NaN;1.9749999999999979
rnd-290;6:o,8:s,5:n:1.7,9:s,1:n:1.0,10:s,5:n:3.3,6:o,7:n:5.0,7:o;3.3888888888888890;2.1621621621621623;2.6756756756756760;2.9324324324324325;3.1891891891891890;NaN;NaN;NaN;1.6578947368421053;2.6315789473684212
rnd-291;9:s;0.0000000000000000;NaN;NaN;NaN;NaN;NaN;NaN;NaN;NaN;NaN
rnd-292;2:o,3:s,5:n:3.3;3.3000000000000000;2.6428571428571430;2.9285714285714284;3.0714285714285716;3.2142857142857144;NaN;NaN;NaN;NaN;2.2500000000000000
rnd-293;2:s,3:o,2:n:1.0,4:o,7:n:2.7,11:o,5:n:4.0,2:n:3.3,7:s,5:s,3:n:2.7;2.9263157894736850;1.9891891891891890;2.4756756756756757;2.7189189189189187;2.9621621621621620;NaN;NaN;1.0222222222222217;2.0499999999999994;3.0777777777777775
rnd-294;2:n:1.0,7:o,1:n:3.7,9:o,3:n:2.3,11:n:2.7,2:o,4:o,1:o,4:o,7:o,9:o,9:s,11:o;2.4882352941176470;1.3563380281690140;2.1169014084507043;2.4971830985915493;2.8774647887323943;NaN;1.1888888888888887;1.8462962962962960;2.5037037037037035;3.1611111111111110
rnd-295;8:n:3.3,7:n:3.7,8:o;3.4866666666666664;2.6217391304347823;2.9695652173913043;3.1434782608695650;3.3173913043478260;NaN;NaN;NaN;NaN;2.0875000000000004
rnd-296;7:n:2.0,6:o,12:o,2:o,12:o,3:n:5.0,10:s,1:s,2:n:4.0,8:o,4:s;3.0833333333333335;1.4807692307692308;2.2500000000000000;2.6346153846153846;3.0192307692307690;NaN;1.0250000000000000;1.6750000000000000;2.3250000000000000;2.9750000000000000
rnd-297;10:o,6:n:4.0,4:o,7:s,11:n:2.7,1:o,2:s;3.1588235294117650;2.1468750000000000;2.6156250000000000;2.8500000000000000;3.0843750000000000;NaN;NaN;NaN;1.7533333333333332;2.8200000000000000
rnd-298;11:n:4.0,8:s,2:n:3.7,5:o,8:n:1.0,4:s,10:n:2.0,4:n:3.7,1:n:3.7,10:o,10:o,9:o,6:n:3.3,12:n:1.0;2.4018518518518515;1.8602272727272726;2.2465909090909090;2.4397727272727270;2.6329545454545453;NaN;NaN;1.3617647058823532;2.6558823529411770;3.9500000000000000
rnd-299;7:n:5.0,7:o,1:o,5:s,6:s;5.0000000000000000;2.8666666666666667;3.4000000000000000;3.6666666666666665;3.9333333333333330;NaN;NaN;NaN;NaN;1.2500000000000000
